"Dirección","Longitud del título 1","Longitud de la meta description 1","Longitud de H1-1","Longitud de H2-1","Longitud de H2-2","Recuento de palabras","Proporción de texto","Enlaces internos","Enlaces internos únicos","URL de redirección"
"https://madridsecreto.co/bunker-parque-capricho/","67","111","50","42","28","685","3,470","1","1",""
"https://madridsecreto.co/cines-verano-madrid/","62","139","62","23","37","1322","4,706","6","4",""
"https://barcelonasecreta.com/7-lugares-donde-meter-mano-y-lo-que-surja-en-barcelona/","76","152","56","0","0","589","2,807","0","0",""
"https://madridsecreto.co/planes-ninos-madrid/","63","137","63","21","16","1281","4,634","1","1",""
"https://madridsecreto.co/exposiciones-gratis-madrid/","58","127","66","45","50","1727","6,585","12","3",""
"https://barcelonasecreta.com/seis-cafeterias-ideales-para-estudiar-o-trabajar-en-barcelona/","58","127","50","8","14","818","3,665","0","0",""
"https://madridsecreto.co/lugares-abandonados-madrid/","76","148","59","28","22","1505","6,341","0","0",""
"https://barcelonasecreta.com/menus-del-dia-en-barcelona/","0","0","0","0","0","0","0,000","2","2","https://barcelonasecreta.com/menu-del-dia-en-barcelona/"
"https://valenciasecreta.com/atardecer-en-valencia/","72","148","53","22","0","226","1,830","0","0",""
"https://sevillasecreta.co/restaurantes-con-encanto-en-sevilla/","67","156","49","22","7","623","4,062","2","1",""
"https://madridsecreto.co/madrid-estrena-un-pasillo-de-cristal-a-28-pisos-de-altura/","74","148","57","0","0","406","2,117","0","0",""
"https://barcelonasecreta.com/restaurantes-bonitos-barcelona/","64","146","44","7","8","811","3,805","0","0",""
"https://valenciasecreta.com/restaurantes-valencia/","54","124","58","8","12","2022","5,282","3","3",""
"https://madridsecreto.co/campos-lavanda-brihuega/","58","120","58","57","0","631","3,003","0","0",""
"https://sevillasecreta.co/que-ver-triana-sevilla/","54","124","36","16","20","1598","7,493","3","3",""
"https://valenciasecreta.com/mejores-hamburguesas-de-valencia/","49","139","49","16","10","1404","5,834","18","2",""
"https://bilbaosecreto.com/planes-fin-de-semana-bilbao/","55","114","67","26","55","1654","6,526","12","1",""
"https://valenciasecreta.com/que-ver-ruzafa-valencia/","55","151","36","16","8","1006","4,412","1","1",""
"https://madridsecreto.co/getafe-feria-navidad/","68","133","68","39","36","692","3,423","1","1",""
"https://madridsecreto.co/feria-palmeras-chocolate/","75","126","75","34","0","530","2,771","0","0",""
"https://sevillasecreta.co/cristo-del-cachorro/","60","154","42","0","0","485","3,362","0","0",""
"https://valenciasecreta.com/bares-donde-almorzar-valencia/","68","142","46","21","11","1272","5,973","3","3",""
"https://barcelonasecreta.com/barcelona-comer-barato/","45","119","56","16","17","863","3,740","0","0",""
"https://valenciasecreta.com/restaurantes-bonitos-valencia/","43","135","43","14","7","1079","4,655","13","1",""
"https://madridsecreto.co/planes-noviembre-madrid/","46","152","54","45","17","4129","10,504","33","1",""
"https://barcelonasecreta.com/restaurantes-bares-probar-antes-morir/","88","128","68","48","55","3064","6,903","2","1",""
"https://barcelonasecreta.com/sitios-secretos-barcelona-no-estan-las-guias-turisticas/","88","153","68","0","0","2014","7,112","0","0",""
"https://madridsecreto.co/celebrar-cumpleanos-madrid/","48","130","58","19","13","2040","6,469","0","0",""
"https://barcelonasecreta.com/buffets-libres-de-barcelona-mejores/","55","121","55","28","50","1890","7,209","0","0",""
"https://madridsecreto.co/librerias-segunda-mano-madrid/","64","117","47","15","18","1279","4,892","0","0",""
"https://barcelonasecreta.com/piscinas-naturales-de-barcelona/","85","135","65","0","0","683","3,081","0","0",""
"https://madridsecreto.co/mejores-brunch-madrid/","48","138","31","19","10","2176","6,345","4","3",""
"https://valenciasecreta.com/terrazas-de-valencia/","78","156","59","14","22","773","3,813","13","2",""
"https://madridsecreto.co/restaurantes-madrid/","56","124","64","8","16","4599","9,958","2","2",""
"https://sevillasecreta.co/pescaito-frito-sevilla/","62","133","44","11","28","1104","5,765","16","4",""
"https://valenciasecreta.com/begin-restaurante-valencia/","102","154","83","0","0","442","3,187","0","0",""
"https://madridsecreto.co/escapadas-transporte-publico/","63","153","46","9","11","843","3,621","4","4",""
"https://barcelonasecreta.com/programa-fiestas-sants-2022/","52","122","52","21","33","2054","7,778","6","2",""
"https://madridsecreto.co/mejores-tartas-queso-madrid/","47","130","47","20","16","1487","5,123","3","3",""
"https://madridsecreto.co/mejores-piscinas-madrid/","49","135","50","39","36","1043","4,241","3","3",""
"https://sevillasecreta.co/50-restaurantes-y-bares-de-sevilla-que-tienes-que-visitar-al-menos-una-vez-en-la-vida/","60","148","84","22","7","2382","7,542","2","2",""
"https://valenciasecreta.com/escapadas-fin-de-semana-comunidad-valenciana/","75","153","56","5","9","869","4,385","10","1",""
"https://madridsecreto.co/tapapies-2022/","99","107","82","27","36","681","3,284","0","0",""
"https://barcelonasecreta.com/halloween-te-espera-con-estos-10-planes/","44","107","44","45","41","2364","8,487","0","0",""
"https://barcelonasecreta.com/exposiciones-barcelona/","51","127","73","16","10","881","4,007","0","0",""
"https://madridsecreto.co/historia-flechas-gran-via/","82","151","65","0","0","577","2,800","1","1",""
"https://valenciasecreta.com/mejores-escape-rooms-valencia/","56","146","37","0","0","1109","5,187","0","0",""
"https://sevillasecreta.co/parguela-la-palabra-que-nacio-en-sevilla-y-se-extendio-a-toda-espana/","87","153","69","0","0","438","3,185","0","0",""
"https://madridsecreto.co/10-lugares-naturaleza-madrid/","51","106","60","28","26","1438","5,505","1","1",""
"https://madridsecreto.co/menu-degustacion-madrid/","55","141","55","9","14","2553","8,771","2","2",""
"https://madridsecreto.co/mejores-menu-dia-madrid/","55","121","38","9","12","1896","6,172","18","4",""
"https://madridsecreto.co/planes-fin-de-semana/","58","133","52","15","3","4192","10,863","34","1",""
"https://madridsecreto.co/navidad-madrid/","42","137","42","30","10","3672","9,371","29","2",""
"https://madridsecreto.co/sitios-secretos-madrid/","78","151","61","0","0","2663","8,658","0","0",""
"https://madridsecreto.co/mejores-spas-madrid/","56","132","63","23","23","1356","4,916","1","1",""
"https://sevillasecreta.co/planes-fin-de-semana/","60","137","52","31","44","932","5,680","0","0",""
"https://madridsecreto.co/50-cosas-que-hacer-en-madrid/","56","132","56","31","24","2236","7,520","4","3",""
"https://valenciasecreta.com/piscinas-municipales-valencia/","77","151","58","9","28","611","3,747","0","0",""
"https://madridsecreto.co/bares-playa-madrid/","41","138","41","15","8","691","3,033","1","1",""
"https://madridsecreto.co/bares-futbol-madrid/","37","120","47","15","20","1028","4,532","0","0",""
"https://sevillasecreta.co/navidad-sevilla/","64","134","53","35","27","1967","8,571","0","0",""
"https://madridsecreto.co/bingo-para-senoras-madrid/","50","124","78","55","34","822","3,934","0","0",""
"https://sevillasecreta.co/mejores-hamburguesas-sevilla/","56","156","38","55","16","1148","6,284","1","1",""
"https://valenciasecreta.com/donde-tomar-horchata-valencia/","50","147","50","16","7","936","4,796","11","1",""
"https://madridsecreto.co/abono-transporte-2023-precio/","0","0","0","0","0","0","0,000","0","0","https://madridsecreto.co/descuento-abono-transporte-madrid/"
"https://madridsecreto.co/mejores-restaurantes-madrid-a-domicilio/","63","116","56","9","15","1167","4,307","0","0",""
"https://madridsecreto.co/heladerias-imprescindibles-madrid/","67","122","50","12","9","1407","4,888","0","0",""
"https://madridsecreto.co/pistas-de-hielo-en-madrid/","64","134","64","38","36","1537","5,406","0","0",""
"https://madridsecreto.co/halloween-20022-madrid/","61","126","61","39","5","2221","7,663","0","0",""
"https://barcelonasecreta.com/dulces-tipicos-barcelona-catalunya/","78","127","58","0","0","1011","4,486","0","0",""
"https://madridsecreto.co/noche-san-juan-madrid/","62","153","45","34","43","1282","5,400","0","0",""
"https://madridsecreto.co/cascadas-madrid/","64","113","47","27","25","1128","4,424","0","0",""
"https://valenciasecreta.com/calas-comunitat-valenciana/","66","146","47","24","9","774","4,097","0","0",""
"https://valenciasecreta.com/que-hacer-valencia-fin-de-semana/","54","116","54","27","27","1291","5,965","16","2",""
"https://barcelonasecreta.com/mejores-kebab-barcelona/","63","133","43","5","24","848","3,759","2","1",""
"https://madridsecreto.co/mejores-sitios-comer-sushi-madrid/","65","129","48","18","20","1038","4,025","3","2",""
"https://barcelonasecreta.com/ropa-segunda-mano-vintage-barcelona/","97","151","77","13","15","1017","4,547","0","0",""
"https://madridsecreto.co/la-latina/","72","116","55","36","19","993","3,906","2","2",""
"https://madridsecreto.co/mejores-sitios-desayunar-madrid/","60","137","65","15","21","2672","8,454","1","1",""
"https://valenciasecreta.com/10-palabras-solo-los-valencianos-sabemos-utilizar/","72","149","53","0","0","651","4,059","1","1",""
"https://madridsecreto.co/piscinas-playas-naturales-madrid/","73","129","56","16","22","1358","5,397","4","3",""
"https://barcelonasecreta.com/comer-calcots-barcelona/","56","138","72","47","33","1687","6,458","0","0",""
"https://madridsecreto.co/50-cosas-que-hacer-en-madrid-al-menos-una-vez-en-la-vida/","0","0","0","0","0","0","0,000","1","1","https://madridsecreto.co/50-cosas-que-hacer-en-madrid/"
"https://madridsecreto.co/kik-tienda-alemana/","77","117","60","29","0","505","2,586","0","0",""
"https://madridsecreto.co/exposiciones-madrid/","52","138","60","24","16","3772","11,203","2","2",""
"https://madridsecreto.co/comer-gratis-madrid-posible-14-sitios-donde-las-canas-van-tapa/","71","111","54","37","42","954","3,925","0","0",""
"https://valenciasecreta.com/9-frases-unicas-e-intraducibles-del-valenciano/","65","145","46","0","0","625","4,001","0","0",""
"https://valenciasecreta.com/kioto-voltereta-valencia/","96","145","77","0","0","344","2,566","1","1",""
"https://madridsecreto.co/cesta-navidad-paisano/","85","139","68","62","0","1627","6,371","0","0",""
"https://madridsecreto.co/planes-agosto-madrid/","61","135","70","48","57","2242","7,509","0","0",""
"https://madridsecreto.co/restaurantes-asiaticos-imprescindibles-de-madrid/","68","136","51","14","12","1387","5,134","2","2",""
"https://madridsecreto.co/mejores-miradores-madrid/","64","154","47","0","0","1158","4,592","1","1",""
"https://valenciasecreta.com/portal-de-stranger-things/","82","152","63","0","0","318","2,414","0","0",""
"https://madridsecreto.co/grieta-callao-stranger-things/","77","147","60","35","0","591","3,011","0","0",""
"https://madridsecreto.co/teatro-madrid-imprescindibles/","60","134","63","37","16","1447","5,531","0","0",""
"https://sevillasecreta.co/planes-gratis-sevilla/","61","134","44","30","39","1748","7,235","10","2",""
"https://valenciasecreta.com/solicitar-abono-gratuito-valencia/","103","154","84","81","56","500","3,591","0","0",""
"https://madridsecreto.co/embalse-bolarque/","88","126","71","41","11","641","3,089","0","0",""
"https://madridsecreto.co/mejores-paellas-en-madrid/","58","122","38","22","23","1078","4,217","0","0",""
"https://madridsecreto.co/mejores-croquetas-de-madrid/","63","143","63","11","10","1771","6,368","0","0",""
"https://madridsecreto.co/destinos-turisticos-espana/","72","139","55","29","23","2918","7,932","1","1",""
"https://madridsecreto.co/sitios-merendar-madrid/","70","129","52","18","12","1751","5,551","1","1",""
"https://valenciasecreta.com/restaurantes-paella-valencia/","54","154","54","8","12","842","4,000","13","2",""
"https://madridsecreto.co/restaurante-espectaculo/","59","122","60","12","11","1412","5,495","1","1",""
"https://barcelonasecreta.com/los-catalanes-decimos-merci/","57","156","37","0","0","426","2,346","1","1",""
"https://barcelonasecreta.com/diccionario-del-insulto-catalan-buen-enfado-conocer/","65","116","65","0","0","960","4,424","0","0",""
"https://madridsecreto.co/caluana/","71","148","54","15","16","756","3,637","0","0",""
"https://sevillasecreta.co/comer-barato-sevilla/","71","132","53","16","15","1056","5,944","0","0",""
"https://madridsecreto.co/mejores-buffets-libres-madrid/","58","109","36","7","66","1176","4,705","0","0",""
"https://madridsecreto.co/mercadillos-navidad-madrid/","72","131","72","40","22","1283","5,215","3","2",""
"https://madridsecreto.co/mejores-pizzas-de-madrid/","63","141","41","10","6","1631","5,244","3","3",""
"https://madridsecreto.co/20-planes-gratis-madrid/","53","119","36","24","33","2316","7,105","2","2",""
"https://barcelonasecreta.com/insultos-catalanes-que-debes-conocer/","0","0","0","0","0","0","0,000","0","0","https://barcelonasecreta.com/diccionario-del-insulto-catalan-buen-enfado-conocer/"
"https://madridsecreto.co/rutas-senderismo-madrid/","50","138","44","17","36","1594","6,047","8","7",""
"https://barcelonasecreta.com/no-te-lo-pierdas-planes-para-este-finde-en-barcelona/","61","133","53","58","43","1304","5,367","0","0",""
"https://bilbaosecreto.com/insultos-euskera-que-debes-conocer/","75","150","58","8","9","992","5,105","0","0",""
"https://madridsecreto.co/expo-alicia-pais-maravillas/","91","117","74","28","0","486","2,566","1","1",""
"https://valenciasecreta.com/menu-del-dia-valencia/","71","146","52","22","13","843","4,361","8","1",""
"https://barcelonasecreta.com/50-planes-gratis-barcelona/","44","146","46","13","21","2964","9,003","2","2",""
"https://madridsecreto.co/churros-en-madrid/","53","135","53","25","18","1278","4,885","3","3",""
"https://madridsecreto.co/puerta-de-alcala-visitas/","89","129","89","52","85","800","3,819","0","0",""
"https://barcelonasecreta.com/shein-abre-su-primera-tienda-fisica-en-barcelona/","68","151","48","0","0","355","2,034","0","0",""
"https://barcelonasecreta.com/fiestas-merce-2022-guia-completa/","62","128","44","23","19","1288","5,286","9","1",""
"https://madridsecreto.co/dos-pizzerias-de-madrid-entre-las-50-mejores-de-europa/","72","151","55","0","0","398","2,168","1","1",""
"https://madridsecreto.co/mejores-hamburguesas-de-madrid/","59","139","42","18","14","1381","4,861","1","1",""
"https://madridsecreto.co/planes-septiembre-madrid/","54","120","54","81","84","3306","9,405","0","0",""
"https://madridsecreto.co/ravioxo/","91","135","74","14","0","612","3,078","0","0",""
"https://madridsecreto.co/mejores-cocidos-madrid/","57","139","78","9","10","1355","5,167","5","3",""
"https://madridsecreto.co/mejor-cafe-de-madrid/","68","110","51","23","17","1616","5,049","4","4",""
"https://valenciasecreta.com/valencia-gratis/","44","94","44","32","41","1089","5,264","0","0",""
"https://madridsecreto.co/terrazas-madrid/","62","113","62","14","17","2270","5,442","1","1",""
"https://madridsecreto.co/parques-acuaticos-madrid/","56","127","39","39","22","691","3,184","0","0",""
"https://madridsecreto.co/escapadas-cerca-de-madrid/","74","141","57","15","21","744","3,172","4","4",""
"https://madridsecreto.co/los-mejores-y-autenticos-mexicanos-de-madrid/","61","141","44","7","15","1349","4,951","2","1",""
"https://valenciasecreta.com/7-increibles-buffets-libres-valencia/","52","141","52","5","15","691","3,967","7","1",""
"https://valenciasecreta.com/mercados-navidad-valencia/","62","154","43","43","17","614","3,587","6","1",""
"https://barcelonasecreta.com/the-lab-stranger-things-barcelona/","57","127","56","0","0","316","1,844","0","0",""
